CAMPUS_ID|NEIGHBORHOOD|RESIDENCE_HALL
0578853|East Neighborhood 2|Aycock
0589460|East Neighborhood 1|Bassett
0588490|East Neighborhood 1|Pegram
0585940|East Neighborhood 4|Blackwell
0606770|East Neighborhood 1|Pegram
0606929|East Neighborhood 4|Bell Tower
0607205|East Neighborhood 3|Southgate
0607328|East Neighborhood 4|Randolph
0598479|East Neighborhood 2|Giles
0606441|East Neighborhood 3|Southgate
0606458|East Neighborhood 3|Gilbert-Addoms
0606593|East Neighborhood 3|Southgate
0606758|East Neighborhood 1|Brown
0606775|East Neighborhood 2|Aycock
0606867|East Neighborhood 2|Wilson House
0606941|East Neighborhood 4|Blackwell
0607116|East Neighborhood 2|Epworth
0607179|East Neighborhood 3|Gilbert-Addoms
0605317|East Neighborhood 2|Epworth
0605691|East Neighborhood 4|Blackwell
0606256|East Neighborhood 3|Gilbert-Addoms
0606329|East Neighborhood 3|Gilbert-Addoms
0618463|East Neighborhood 3|Southgate
0620938|East Neighborhood 1|Bassett
0621571|East Neighborhood 1|Pegram
0609089|East Neighborhood 2|Wilson House
0609109|East Neighborhood 1|Alspaugh
0610085|East Neighborhood 2|Jarvis
0613714|East Neighborhood 1|Pegram
0615315|East Neighborhood 2|Jarvis
0616188|East Neighborhood 3|Gilbert-Addoms
0617251|East Neighborhood 4|Randolph
0541017|East Neighborhood 1|Pegram
0612062|East Neighborhood 1|Alspaugh
0612107|East Neighborhood 1|Alspaugh
0614866|East Neighborhood 3|Southgate
0615489|East Neighborhood 1|Brown
0616026|East Neighborhood 1|Pegram
0606693|East Neighborhood 2|Aycock
0606698|East Neighborhood 1|Pegram
0606701|East Neighborhood 2|Giles
0606702|East Neighborhood 1|Bassett
0606703|East Neighborhood 2|Giles
0606727|East Neighborhood 3|Gilbert-Addoms
0606738|East Neighborhood 2|Wilson House
0606747|East Neighborhood 4|Bell Tower
0606752|East Neighborhood 1|Brown
0606809|East Neighborhood 3|Southgate
0606814|East Neighborhood 4|Bell Tower
0606847|East Neighborhood 1|Pegram
0606864|East Neighborhood 3|Southgate
0606869|East Neighborhood 4|Randolph
0606917|East Neighborhood 1|Alspaugh
0606918|East Neighborhood 1|Brown
0606369|East Neighborhood 3|Southgate
0606450|East Neighborhood 4|Bell Tower
0606461|East Neighborhood 2|Aycock
0606570|East Neighborhood 2|Wilson House
0606772|East Neighborhood 2|Aycock
0606945|East Neighborhood 3|Southgate
0606979|East Neighborhood 3|Southgate
0606988|East Neighborhood 1|Brown
0607127|East Neighborhood 4|Randolph
0607324|East Neighborhood 3|Gilbert-Addoms
0448492|East Neighborhood 3|Southgate
0598460|East Neighborhood 4|Bell Tower
0605805|East Neighborhood 4|Randolph
0605990|East Neighborhood 1|Bassett
0606170|East Neighborhood 1|Alspaugh
0606266|East Neighborhood 1|Brown
0616050|East Neighborhood 1|Pegram
0616336|East Neighborhood 2|Jarvis
0617216|East Neighborhood 1|Pegram
0617990|East Neighborhood 3|Southgate
0618350|East Neighborhood 2|Aycock
0618873|East Neighborhood 2|Jarvis
0568217|East Neighborhood 1|Bassett
0614331|East Neighborhood 3|Southgate
0614334|East Neighborhood 4|Blackwell
0614862|East Neighborhood 1|Bassett
0616094|East Neighborhood 2|Aycock
0616097|East Neighborhood 4|Bell Tower
0616179|East Neighborhood 1|Brown
0616415|East Neighborhood 4|Randolph
0616441|East Neighborhood 1|Brown
0616608|East Neighborhood 2|Wilson House
0618357|East Neighborhood 2|Aycock
0619137|East Neighborhood 1|Brown
0619139|East Neighborhood 2|Jarvis
0606924|East Neighborhood 4|Bell Tower
0606926|East Neighborhood 1|Alspaugh
0606934|East Neighborhood 2|Giles
0606935|East Neighborhood 3|Gilbert-Addoms
0606952|East Neighborhood 4|Blackwell
0606956|East Neighborhood 4|Blackwell
0606977|East Neighborhood 4|Bell Tower
0606981|East Neighborhood 2|Giles
0606989|East Neighborhood 1|Bassett
0606991|East Neighborhood 3|Southgate
0607123|East Neighborhood 4|Randolph
0607124|East Neighborhood 4|Randolph
0607177|East Neighborhood 1|Brown
0607299|East Neighborhood 4|Blackwell
0607304|East Neighborhood 3|Southgate
0607326|East Neighborhood 4|Randolph
0444052|East Neighborhood 4|Blackwell
0604534|East Neighborhood 2|Giles
0606312|East Neighborhood 4|Bell Tower
0606365|East Neighborhood 4|Randolph
0606377|East Neighborhood 2|Jarvis
0606492|East Neighborhood 3|Gilbert-Addoms
0606536|East Neighborhood 3|Southgate
0606586|East Neighborhood 1|Bassett
0606594|East Neighborhood 3|Gilbert-Addoms
0606616|East Neighborhood 2|Jarvis
0606625|East Neighborhood 1|Pegram
0606637|East Neighborhood 1|Brown
0606707|East Neighborhood 4|Blackwell
0606811|East Neighborhood 1|Pegram
0606845|East Neighborhood 3|Gilbert-Addoms
0606857|East Neighborhood 4|Bell Tower
0606915|East Neighborhood 3|Southgate
0606928|East Neighborhood 2|Giles
0606947|East Neighborhood 1|Pegram
0620645|East Neighborhood 3|Gilbert-Addoms
0610966|East Neighborhood 4|Blackwell
0614745|East Neighborhood 2|Jarvis
0614857|East Neighborhood 2|Wilson House
0614890|East Neighborhood 4|Bell Tower
0615222|East Neighborhood 4|Randolph
0616111|East Neighborhood 2|Jarvis
0617057|East Neighborhood 2|Giles
0617227|East Neighborhood 2|Wilson House
0619110|East Neighborhood 1|Brown
0619589|East Neighborhood 2|Wilson House
0619808|East Neighborhood 1|Bassett
0607340|East Neighborhood 2|Jarvis
0607828|East Neighborhood 4|Randolph
0610761|East Neighborhood 2|Wilson House
0586354|East Neighborhood 1|Alspaugh
0604852|East Neighborhood 2|Giles
0605218|East Neighborhood 2|Giles
0605689|East Neighborhood 2|Aycock
0605967|East Neighborhood 4|Randolph
0605996|East Neighborhood 4|Blackwell
0606104|East Neighborhood 3|Gilbert-Addoms
0606106|East Neighborhood 2|Wilson House
0606107|East Neighborhood 1|Bassett
0606166|East Neighborhood 1|Pegram
0606174|East Neighborhood 4|Randolph
0606176|East Neighborhood 1|Bassett
0606183|East Neighborhood 3|Southgate
0606232|East Neighborhood 1|Alspaugh
0606243|East Neighborhood 4|Randolph
0606245|East Neighborhood 1|Bassett
0606246|East Neighborhood 4|Randolph
0607129|East Neighborhood 2|Giles
0607182|East Neighborhood 2|Jarvis
0607761|East Neighborhood 1|Brown
0607842|East Neighborhood 2|Aycock
0607845|East Neighborhood 3|Gilbert-Addoms
0607846|East Neighborhood 4|Randolph
0607886|East Neighborhood 2|Wilson House
0607889|East Neighborhood 1|Bassett
0607890|East Neighborhood 4|Randolph
0607895|East Neighborhood 1|Alspaugh
0607896|East Neighborhood 1|Brown
0607899|East Neighborhood 3|Gilbert-Addoms
0607900|East Neighborhood 4|Randolph
0607902|East Neighborhood 1|Bassett
0605624|East Neighborhood 3|Southgate
0606254|East Neighborhood 2|Giles
0606299|East Neighborhood 2|Giles
0606619|East Neighborhood 2|Aycock
0606645|East Neighborhood 3|Gilbert-Addoms
0611543|East Neighborhood 4|Blackwell
0614914|East Neighborhood 1|Brown
0615040|East Neighborhood 2|Aycock
0618525|East Neighborhood 1|Pegram
0619799|East Neighborhood 1|Bassett
0621038|East Neighborhood 4|Randolph
0621380|East Neighborhood 1|Alspaugh
0611377|East Neighborhood 1|Bassett
0611547|East Neighborhood 1|Alspaugh
0613674|East Neighborhood 4|Blackwell
0614784|East Neighborhood 4|Randolph
0616669|East Neighborhood 4|Bell Tower
0618091|East Neighborhood 1|Bassett
0618477|East Neighborhood 1|Bassett
0619682|East Neighborhood 4|Blackwell
0620048|East Neighborhood 4|Blackwell
0609148|East Neighborhood 1|Alspaugh
0606247|East Neighborhood 1|Pegram
0606255|East Neighborhood 2|Giles
0606257|East Neighborhood 2|Aycock
0606260|East Neighborhood 2|Aycock
0606261|East Neighborhood 4|Randolph
0606262|East Neighborhood 2|Giles
0606263|East Neighborhood 4|Bell Tower
0606271|East Neighborhood 2|Jarvis
0606275|East Neighborhood 4|Bell Tower
0606278|East Neighborhood 1|Bassett
0606288|East Neighborhood 1|Bassett
0606289|East Neighborhood 2|Giles
0606291|East Neighborhood 2|Epworth
0606293|East Neighborhood 4|Randolph
0606302|East Neighborhood 4|Blackwell
0606304|East Neighborhood 1|Bassett
0606310|East Neighborhood 3|Gilbert-Addoms
0606321|East Neighborhood 1|Brown
0606330|East Neighborhood 3|Gilbert-Addoms
0606732|East Neighborhood 2|Wilson House
0606851|East Neighborhood 4|Randolph
0605999|East Neighborhood 4|Blackwell
0606157|East Neighborhood 3|Gilbert-Addoms
0606242|East Neighborhood 1|Alspaugh
0606298|East Neighborhood 1|Brown
0606372|East Neighborhood 2|Aycock
0606051|East Neighborhood 1|Alspaugh
0606301|East Neighborhood 4|Randolph
0606440|East Neighborhood 4|Bell Tower
0606491|East Neighborhood 4|Randolph
0606970|East Neighborhood 1|Alspaugh
0607180|East Neighborhood 3|Gilbert-Addoms
0606644|East Neighborhood 3|Gilbert-Addoms
0605930|East Neighborhood 4|Blackwell
0606002|East Neighborhood 4|Blackwell
0606276|East Neighborhood 1|Alspaugh
0606376|East Neighborhood 1|Pegram
0606581|East Neighborhood 3|Gilbert-Addoms
0620556|East Neighborhood 2|Epworth
0620995|East Neighborhood 4|Randolph
0621183|East Neighborhood 4|Blackwell
0407092|East Neighborhood 1|Alspaugh
0599311|East Neighborhood 2|Jarvis
0606179|East Neighborhood 4|Blackwell
0609678|East Neighborhood 4|Randolph
0610346|East Neighborhood 4|Blackwell
0610353|East Neighborhood 2|Giles
0611548|East Neighborhood 2|Jarvis
0612114|East Neighborhood 1|Alspaugh
0613108|East Neighborhood 2|Epworth
0614438|East Neighborhood 1|Brown
0615063|East Neighborhood 4|Blackwell
0615067|East Neighborhood 2|Epworth
0616043|East Neighborhood 4|Randolph
0589847|East Neighborhood 4|Randolph
0606340|East Neighborhood 4|Randolph
0606341|East Neighborhood 4|Randolph
0606346|East Neighborhood 1|Alspaugh
0606362|East Neighborhood 2|Jarvis
0606363|East Neighborhood 4|Bell Tower
0606367|East Neighborhood 2|Giles
0606373|East Neighborhood 2|Wilson House
0606374|East Neighborhood 4|Blackwell
0606433|East Neighborhood 3|Southgate
0606434|East Neighborhood 4|Bell Tower
0606436|East Neighborhood 4|Randolph
0606443|East Neighborhood 3|Southgate
0606445|East Neighborhood 1|Bassett
0606446|East Neighborhood 1|Bassett
0606447|East Neighborhood 4|Blackwell
0606449|East Neighborhood 2|Aycock
0606454|East Neighborhood 1|Bassett
0606750|East Neighborhood 2|Aycock
0606777|East Neighborhood 2|Aycock
0567718|East Neighborhood 4|Randolph
0606268|East Neighborhood 3|Southgate
0606603|East Neighborhood 1|Bassett
0606696|East Neighborhood 1|Pegram
0607210|East Neighborhood 1|Brown
0608014|East Neighborhood 2|Giles
0608017|East Neighborhood 2|Giles
0608018|East Neighborhood 1|Pegram
0608019|East Neighborhood 4|Bell Tower
0608021|East Neighborhood 1|Alspaugh
0407091|East Neighborhood 1|Alspaugh
0606576|East Neighborhood 1|Bassett
0606583|East Neighborhood 3|Gilbert-Addoms
0606718|East Neighborhood 1|Pegram
0619140|East Neighborhood 1|Alspaugh
0619718|East Neighborhood 1|Bassett
0609118|East Neighborhood 4|Bell Tower
0610888|East Neighborhood 3|Gilbert-Addoms
0611247|East Neighborhood 4|Blackwell
0614757|East Neighborhood 3|Southgate
0615174|East Neighborhood 1|Brown
0615181|East Neighborhood 1|Bassett
0615264|East Neighborhood 1|Bassett
0615278|East Neighborhood 4|Bell Tower
0615794|East Neighborhood 4|Blackwell
0618303|East Neighborhood 1|Brown
0619283|East Neighborhood 2|Giles
0619863|East Neighborhood 1|Brown
0607058|East Neighborhood 4|Blackwell
0609674|East Neighborhood 1|Brown
0606465|East Neighborhood 3|Southgate
0606469|East Neighborhood 3|Southgate
0606470|East Neighborhood 2|Giles
0606476|East Neighborhood 3|Gilbert-Addoms
0606478|East Neighborhood 4|Randolph
0606480|East Neighborhood 3|Gilbert-Addoms
0606488|East Neighborhood 4|Bell Tower
0606494|East Neighborhood 1|Alspaugh
0606497|East Neighborhood 2|Giles
0606528|East Neighborhood 4|Bell Tower
0606547|East Neighborhood 4|Blackwell
0606551|East Neighborhood 1|Pegram
0606552|East Neighborhood 3|Southgate
0606554|East Neighborhood 4|Randolph
0608027|East Neighborhood 4|Bell Tower
0608028|East Neighborhood 3|Gilbert-Addoms
0608029|East Neighborhood 1|Pegram
0608036|East Neighborhood 4|Blackwell
0606000|East Neighborhood 4|Blackwell
0606158|East Neighborhood 3|Gilbert-Addoms
0606562|East Neighborhood 1|Brown
0606686|East Neighborhood 1|Alspaugh
0606297|East Neighborhood 4|Blackwell
0606327|East Neighborhood 4|Bell Tower
0606806|East Neighborhood 4|Randolph
0606927|East Neighborhood 1|Brown
0606986|East Neighborhood 1|Alspaugh
0607117|East Neighborhood 4|Blackwell
0606371|East Neighborhood 4|Randolph
0606564|East Neighborhood 1|Alspaugh
0606640|East Neighborhood 2|Giles
0606768|East Neighborhood 1|Bassett
0606815|East Neighborhood 4|Randolph
0618039|East Neighborhood 4|Blackwell
0618203|East Neighborhood 1|Alspaugh
0618362|East Neighborhood 2|Wilson House
0618433|East Neighborhood 2|Aycock
0618960|East Neighborhood 2|Aycock
0619847|East Neighborhood 2|Giles
0620039|East Neighborhood 1|Alspaugh
0620937|East Neighborhood 4|Randolph
0541665|East Neighborhood 3|Southgate
0609114|East Neighborhood 3|Gilbert-Addoms
0610115|East Neighborhood 1|Alspaugh
0610887|East Neighborhood 3|Gilbert-Addoms
0611140|East Neighborhood 1|Alspaugh
0611263|East Neighborhood 4|Blackwell
0612507|East Neighborhood 4|Bell Tower
0614480|East Neighborhood 1|Bassett
0614939|East Neighborhood 4|Randolph
0606565|East Neighborhood 2|Aycock
0606566|East Neighborhood 3|Gilbert-Addoms
0606567|East Neighborhood 4|Bell Tower
0606578|East Neighborhood 4|Blackwell
0606579|East Neighborhood 4|Bell Tower
0606589|East Neighborhood 4|Randolph
0606604|East Neighborhood 1|Pegram
0606606|East Neighborhood 1|Alspaugh
0606609|East Neighborhood 4|Bell Tower
0606611|East Neighborhood 2|Aycock
0606621|East Neighborhood 2|Giles
0606626|East Neighborhood 2|Aycock
0606630|East Neighborhood 4|Randolph
0606631|East Neighborhood 1|Bassett
0606641|East Neighborhood 1|Bassett
0606647|East Neighborhood 2|Aycock
0606648|East Neighborhood 4|Bell Tower
0606688|East Neighborhood 2|Aycock
0606695|East Neighborhood 4|Blackwell
0607307|East Neighborhood 2|Wilson House
0605690|East Neighborhood 4|Randolph
0605882|East Neighborhood 4|Randolph
0607176|East Neighborhood 4|Randolph
0604911|East Neighborhood 4|Blackwell
0605688|East Neighborhood 1|Pegram
0606168|East Neighborhood 3|Gilbert-Addoms
0606175|East Neighborhood 2|Jarvis
0606252|East Neighborhood 2|Aycock
0606360|East Neighborhood 4|Randolph
0607122|East Neighborhood 2|Jarvis
0605804|East Neighborhood 4|Randolph
0606081|East Neighborhood 3|Gilbert-Addoms
0606316|East Neighborhood 3|Gilbert-Addoms
0606361|East Neighborhood 2|Giles
0611900|East Neighborhood 3|Gilbert-Addoms
0614894|East Neighborhood 4|Blackwell
0614915|East Neighborhood 1|Bassett
0615741|East Neighborhood 4|Blackwell
0617037|East Neighborhood 1|Bassett
0617130|East Neighborhood 4|Randolph
0621828|East Neighborhood 4|Blackwell
0615662|East Neighborhood 1|Pegram
0617022|East Neighborhood 1|Brown
0617415|East Neighborhood 3|Southgate
0617432|East Neighborhood 2|Wilson House
0610091|East Neighborhood 3|Gilbert-Addoms
0610856|East Neighborhood 3|Gilbert-Addoms
0606697|East Neighborhood 1|Pegram
0606700|East Neighborhood 1|Pegram
0606708|East Neighborhood 1|Alspaugh
0606710|East Neighborhood 4|Blackwell
0606714|East Neighborhood 4|Blackwell
0606716|East Neighborhood 3|Gilbert-Addoms
0606719|East Neighborhood 4|Randolph
0606725|East Neighborhood 4|Randolph
0606728|East Neighborhood 2|Giles
0606733|East Neighborhood 4|Bell Tower
0606737|East Neighborhood 4|Blackwell
0606745|East Neighborhood 4|Blackwell
0606746|East Neighborhood 4|Blackwell
0606753|East Neighborhood 3|Gilbert-Addoms
0606756|East Neighborhood 1|Bassett
0606760|East Neighborhood 3|Southgate
0606767|East Neighborhood 4|Bell Tower
0606771|East Neighborhood 4|Blackwell
0606773|East Neighborhood 2|Giles
0606486|East Neighborhood 3|Southgate
0606531|East Neighborhood 1|Alspaugh
0606546|East Neighborhood 1|Brown
0606642|East Neighborhood 3|Gilbert-Addoms
0606734|East Neighborhood 1|Pegram
0605714|East Neighborhood 4|Blackwell
0605715|East Neighborhood 3|Gilbert-Addoms
0606177|East Neighborhood 4|Randolph
0606524|East Neighborhood 1|Pegram
0606599|East Neighborhood 2|Jarvis
0606623|East Neighborhood 3|Southgate
0606757|East Neighborhood 4|Randolph
0606843|East Neighborhood 3|Gilbert-Addoms
0607133|East Neighborhood 2|Giles
0605627|East Neighborhood 2|Giles
0605766|East Neighborhood 4|Randolph
0606309|East Neighborhood 1|Pegram
0611133|East Neighborhood 2|Aycock
0611159|East Neighborhood 1|Pegram
0614991|East Neighborhood 1|Brown
0615318|East Neighborhood 2|Jarvis
0615562|East Neighborhood 1|Brown
0615699|East Neighborhood 4|Bell Tower
0616032|East Neighborhood 1|Bassett
0616191|East Neighborhood 3|Gilbert-Addoms
0616915|East Neighborhood 4|Blackwell
0617814|East Neighborhood 3|Southgate
0617826|East Neighborhood 4|Bell Tower
0617878|East Neighborhood 4|Bell Tower
0618001|East Neighborhood 3|Southgate
0619449|East Neighborhood 2|Wilson House
0619713|East Neighborhood 4|Blackwell
0609054|East Neighborhood 4|Bell Tower
0609164|East Neighborhood 4|Bell Tower
0609393|East Neighborhood 3|Gilbert-Addoms
0609512|East Neighborhood 2|Aycock
0606776|East Neighborhood 2|Jarvis
0606810|East Neighborhood 4|Bell Tower
0606813|East Neighborhood 4|Blackwell
0606844|East Neighborhood 4|Bell Tower
0606849|East Neighborhood 3|Southgate
0606852|East Neighborhood 3|Gilbert-Addoms
0606854|East Neighborhood 1|Alspaugh
0606858|East Neighborhood 1|Brown
0606861|East Neighborhood 1|Brown
0606868|East Neighborhood 4|Randolph
0606878|East Neighborhood 1|Bassett
0606916|East Neighborhood 1|Bassett
0606920|East Neighborhood 1|Bassett
0606922|East Neighborhood 4|Blackwell
0606932|East Neighborhood 3|Southgate
0606936|East Neighborhood 4|Randolph
0606938|East Neighborhood 2|Giles
0606939|East Neighborhood 2|Giles
0606943|East Neighborhood 1|Bassett
0606946|East Neighborhood 3|Southgate
0606334|East Neighborhood 1|Pegram
0606347|East Neighborhood 1|Pegram
0606627|East Neighborhood 4|Bell Tower
0606860|East Neighborhood 1|Alspaugh
0607892|East Neighborhood 2|Jarvis
0605000|East Neighborhood 1|Bassett
0605997|East Neighborhood 4|Blackwell
0448467|East Neighborhood 4|Randolph
0604329|East Neighborhood 2|Jarvis
0604915|East Neighborhood 4|Bell Tower
0614758|East Neighborhood 1|Pegram
0621570|East Neighborhood 1|Pegram
0621573|East Neighborhood 1|Pegram
0604800|East Neighborhood 4|Blackwell
0605623|East Neighborhood 4|Blackwell
0605718|East Neighborhood 1|Pegram
0606539|East Neighborhood 1|Brown
0615365|East Neighborhood 4|Blackwell
0615465|East Neighborhood 1|Bassett
0615584|East Neighborhood 2|Jarvis
0615622|East Neighborhood 3|Gilbert-Addoms
0615797|East Neighborhood 4|Bell Tower
0616023|East Neighborhood 4|Bell Tower
0616907|East Neighborhood 1|Bassett
0616947|East Neighborhood 4|Randolph
0617001|East Neighborhood 1|Pegram
0617058|East Neighborhood 2|Aycock
0617082|East Neighborhood 1|Pegram
0617163|East Neighborhood 1|Alspaugh
0617452|East Neighborhood 4|Bell Tower
0617464|East Neighborhood 1|Bassett
0618135|East Neighborhood 2|Epworth
0618286|East Neighborhood 2|Aycock
0618438|East Neighborhood 3|Southgate
0618592|East Neighborhood 3|Southgate
0619086|East Neighborhood 4|Randolph
0606949|East Neighborhood 2|Aycock
0606953|East Neighborhood 4|Bell Tower
0606959|East Neighborhood 4|Randolph
0606961|East Neighborhood 3|Southgate
0606971|East Neighborhood 2|Giles
0606976|East Neighborhood 4|Bell Tower
0606983|East Neighborhood 4|Randolph
0606985|East Neighborhood 4|Randolph
0606994|East Neighborhood 4|Blackwell
0607051|East Neighborhood 4|Bell Tower
0607118|East Neighborhood 4|Bell Tower
0607125|East Neighborhood 4|Randolph
0607128|East Neighborhood 1|Pegram
0607184|East Neighborhood 1|Alspaugh
0607209|East Neighborhood 3|Southgate
0607807|East Neighborhood 2|Wilson House
0609053|East Neighborhood 3|Southgate
0612617|East Neighborhood 4|Randolph
0616798|East Neighborhood 1|Pegram
0618360|East Neighborhood 1|Pegram
0618835|East Neighborhood 3|Southgate
0621019|East Neighborhood 4|Randolph
0621829|East Neighborhood 2|Wilson House
0606803|East Neighborhood 3|Southgate
0609798|East Neighborhood 4|Blackwell
0609955|East Neighborhood 3|Gilbert-Addoms
0610296|East Neighborhood 2|Aycock
0611966|East Neighborhood 1|Brown
0614051|East Neighborhood 3|Gilbert-Addoms
0616304|East Neighborhood 3|Southgate
0618482|East Neighborhood 1|Pegram
0619215|East Neighborhood 1|Brown
0619653|East Neighborhood 2|Aycock
0611250|East Neighborhood 4|Blackwell
0619145|East Neighborhood 3|Gilbert-Addoms
0621437|East Neighborhood 4|Randolph
0621575|East Neighborhood 4|Blackwell
0610487|East Neighborhood 4|Bell Tower
0611742|East Neighborhood 1|Alspaugh
0615952|East Neighborhood 3|Southgate
0616363|East Neighborhood 4|Blackwell
0617576|East Neighborhood 3|Southgate
0618481|East Neighborhood 2|Giles
0610291|East Neighborhood 4|Bell Tower
0610470|East Neighborhood 2|Giles
0611584|East Neighborhood 2|Wilson House
0617686|East Neighborhood 4|Randolph
0617742|East Neighborhood 1|Alspaugh
0607306|East Neighborhood 3|Gilbert-Addoms
0607316|East Neighborhood 1|Alspaugh
0607327|East Neighborhood 3|Gilbert-Addoms
0604851|East Neighborhood 4|Blackwell
0606048|East Neighborhood 2|Giles
0606050|East Neighborhood 2|Giles
0606128|East Neighborhood 2|Jarvis
0606160|East Neighborhood 4|Randolph
0606169|East Neighborhood 4|Bell Tower
0606173|East Neighborhood 4|Bell Tower
0606182|East Neighborhood 4|Bell Tower
0606234|East Neighborhood 2|Aycock
0606239|East Neighborhood 4|Randolph
0606283|East Neighborhood 1|Alspaugh
0606295|East Neighborhood 4|Bell Tower
0606303|East Neighborhood 2|Giles
0605618|East Neighborhood 3|Gilbert-Addoms
0606689|East Neighborhood 4|Blackwell
0609417|East Neighborhood 3|Gilbert-Addoms
0609896|East Neighborhood 2|Wilson House
0613347|East Neighborhood 2|Giles
0613702|East Neighborhood 1|Pegram
0614036|East Neighborhood 2|Wilson House
0614959|East Neighborhood 2|Giles
0617180|East Neighborhood 3|Gilbert-Addoms
0617535|East Neighborhood 4|Blackwell
0618081|East Neighborhood 4|Blackwell
0618493|East Neighborhood 4|Blackwell
0619075|East Neighborhood 3|Gilbert-Addoms
0619189|East Neighborhood 2|Wilson House
0619740|East Neighborhood 1|Bassett
0620045|East Neighborhood 1|Brown
0621676|East Neighborhood 4|Bell Tower
0611234|East Neighborhood 4|Randolph
0611549|East Neighborhood 3|Gilbert-Addoms
0611559|East Neighborhood 3|Gilbert-Addoms
0612872|East Neighborhood 4|Bell Tower
0613339|East Neighborhood 4|Bell Tower
0613360|East Neighborhood 4|Bell Tower
0615217|East Neighborhood 4|Bell Tower
0615665|East Neighborhood 2|Aycock
0615812|East Neighborhood 3|Gilbert-Addoms
0615820|East Neighborhood 4|Blackwell
0616234|East Neighborhood 2|Aycock
0616243|East Neighborhood 4|Blackwell
0616299|East Neighborhood 2|Aycock
0616327|East Neighborhood 1|Alspaugh
0616371|East Neighborhood 4|Blackwell
0616979|East Neighborhood 1|Alspaugh
0617307|East Neighborhood 2|Giles
0606339|East Neighborhood 4|Blackwell
0606356|East Neighborhood 1|Pegram
0606464|East Neighborhood 4|Blackwell
0606474|East Neighborhood 3|Southgate
0606487|East Neighborhood 1|Alspaugh
0606489|East Neighborhood 2|Giles
0606548|East Neighborhood 4|Randolph
0606558|East Neighborhood 4|Randolph
0606563|East Neighborhood 3|Southgate
0606595|East Neighborhood 1|Pegram
0606687|East Neighborhood 4|Bell Tower
0606730|East Neighborhood 2|Giles
0606736|East Neighborhood 3|Gilbert-Addoms
0606739|East Neighborhood 4|Randolph
0606740|East Neighborhood 2|Jarvis
0606763|East Neighborhood 1|Brown
0606807|East Neighborhood 1|Alspaugh
0606816|East Neighborhood 4|Randolph
0615212|East Neighborhood 3|Gilbert-Addoms
0616912|East Neighborhood 1|Brown
0618451|East Neighborhood 3|Southgate
0619622|East Neighborhood 1|Bassett
0619870|East Neighborhood 1|Brown
0620932|East Neighborhood 4|Bell Tower
0620933|East Neighborhood 1|Brown
0542927|East Neighborhood 2|Wilson House
0608866|East Neighborhood 3|Southgate
0611409|East Neighborhood 1|Alspaugh
0614474|East Neighborhood 2|Giles
0615347|East Neighborhood 2|Aycock
0618361|East Neighborhood 2|Giles
0618363|East Neighborhood 1|Pegram
0618574|East Neighborhood 1|Brown
0619230|East Neighborhood 3|Southgate
0619304|East Neighborhood 3|Gilbert-Addoms
0619708|East Neighborhood 1|Brown
0619834|East Neighborhood 1|Brown
0621569|East Neighborhood 3|Southgate
0567647|East Neighborhood 2|Wilson House
0606846|East Neighborhood 4|Randolph
0606856|East Neighborhood 1|Brown
0606870|East Neighborhood 1|Brown
0606933|East Neighborhood 2|Aycock
0606957|East Neighborhood 3|Gilbert-Addoms
0606958|East Neighborhood 3|Southgate
0606973|East Neighborhood 2|Wilson House
0606974|East Neighborhood 3|Southgate
0606993|East Neighborhood 3|Gilbert-Addoms
0607054|East Neighborhood 3|Gilbert-Addoms
0607120|East Neighborhood 1|Pegram
0607300|East Neighborhood 4|Blackwell
0605719|East Neighborhood 4|Blackwell
0606103|East Neighborhood 2|Giles
0606127|East Neighborhood 1|Brown
0606162|East Neighborhood 4|Bell Tower
0606236|East Neighborhood 3|Gilbert-Addoms
0606280|East Neighborhood 2|Jarvis
0606296|East Neighborhood 3|Gilbert-Addoms
0613507|East Neighborhood 3|Southgate
0614412|East Neighborhood 1|Brown
0615504|East Neighborhood 1|Bassett
0615655|East Neighborhood 3|Gilbert-Addoms
0616096|East Neighborhood 4|Randolph
0616519|East Neighborhood 3|Southgate
0616791|East Neighborhood 2|Wilson House
0616978|East Neighborhood 1|Brown
0617433|East Neighborhood 3|Gilbert-Addoms
0618032|East Neighborhood 4|Randolph
0618322|East Neighborhood 2|Giles
0618450|East Neighborhood 4|Blackwell
0619136|East Neighborhood 3|Gilbert-Addoms
0620973|East Neighborhood 4|Blackwell
0621004|East Neighborhood 1|Brown
0621864|East Neighborhood 2|Wilson House
0609887|East Neighborhood 3|Southgate
0610637|East Neighborhood 2|Aycock
0613218|East Neighborhood 1|Pegram
0614765|East Neighborhood 1|Bassett
0614995|East Neighborhood 4|Bell Tower
0605222|East Neighborhood 4|Blackwell
0605716|East Neighborhood 3|Gilbert-Addoms
0605802|East Neighborhood 2|Giles
0606044|East Neighborhood 3|Southgate
0606108|East Neighborhood 3|Southgate
0606165|East Neighborhood 3|Southgate
0606167|East Neighborhood 3|Southgate
0606233|East Neighborhood 1|Alspaugh
0606235|East Neighborhood 3|Southgate
0606240|East Neighborhood 4|Randolph
0606241|East Neighborhood 1|Alspaugh
0606248|East Neighborhood 4|Blackwell
0606259|East Neighborhood 2|Jarvis
0606264|East Neighborhood 1|Pegram
0606265|East Neighborhood 2|Giles
0606287|East Neighborhood 3|Southgate
0606370|East Neighborhood 3|Southgate
0606431|East Neighborhood 2|Wilson House
0606451|East Neighborhood 1|Pegram
0606559|East Neighborhood 1|Alspaugh
0606590|East Neighborhood 3|Southgate
0606600|East Neighborhood 1|Brown
0606605|East Neighborhood 3|Gilbert-Addoms
0606632|East Neighborhood 4|Blackwell
0606748|East Neighborhood 3|Gilbert-Addoms
0606749|East Neighborhood 4|Randolph
0606754|East Neighborhood 2|Giles
0606779|East Neighborhood 1|Brown
0606855|East Neighborhood 4|Bell Tower
0606871|East Neighborhood 1|Brown
0606873|East Neighborhood 2|Aycock
0606874|East Neighborhood 4|Randolph
0606965|East Neighborhood 3|Gilbert-Addoms
0618471|East Neighborhood 4|Bell Tower
0619184|East Neighborhood 2|Jarvis
0619212|East Neighborhood 2|Wilson House
0610890|East Neighborhood 1|Alspaugh
0612299|East Neighborhood 3|Southgate
0612336|East Neighborhood 2|Aycock
0616009|East Neighborhood 1|Alspaugh
0619746|East Neighborhood 1|Brown
0619871|East Neighborhood 3|Southgate
0614468|East Neighborhood 1|Alspaugh
0614755|East Neighborhood 3|Gilbert-Addoms
0614860|East Neighborhood 1|Alspaugh
0615192|East Neighborhood 1|Pegram
0617124|East Neighborhood 1|Bassett
0619236|East Neighborhood 1|Brown
0611031|East Neighborhood 2|Giles
0614594|East Neighborhood 1|Bassett
0615173|East Neighborhood 3|Southgate
0616287|East Neighborhood 2|Jarvis
0616386|East Neighborhood 1|Pegram
0606305|East Neighborhood 3|Southgate
0606306|East Neighborhood 2|Aycock
0606311|East Neighborhood 2|Wilson House
0606319|East Neighborhood 3|Gilbert-Addoms
0606331|East Neighborhood 1|Bassett
0606348|East Neighborhood 1|Pegram
0606350|East Neighborhood 2|Aycock
0606358|East Neighborhood 4|Randolph
0606378|East Neighborhood 4|Randolph
0606379|East Neighborhood 2|Wilson House
0606429|East Neighborhood 3|Gilbert-Addoms
0606439|East Neighborhood 2|Wilson House
0606442|East Neighborhood 1|Pegram
0606444|East Neighborhood 1|Brown
0606452|East Neighborhood 4|Randolph
0606526|East Neighborhood 1|Bassett
0606980|East Neighborhood 1|Brown
0607052|East Neighborhood 4|Bell Tower
0607119|East Neighborhood 2|Giles
0607303|East Neighborhood 3|Gilbert-Addoms
0604996|East Neighborhood 1|Alspaugh
0605625|East Neighborhood 2|Wilson House
0606180|East Neighborhood 4|Bell Tower
0606238|East Neighborhood 1|Pegram
0606269|East Neighborhood 4|Randolph
0606328|East Neighborhood 4|Bell Tower
0606430|East Neighborhood 2|Wilson House
0606456|East Neighborhood 3|Gilbert-Addoms
0606496|East Neighborhood 3|Gilbert-Addoms
0606533|East Neighborhood 3|Southgate
0606555|East Neighborhood 1|Alspaugh
0606573|East Neighborhood 4|Bell Tower
0606743|East Neighborhood 2|Jarvis
0619148|East Neighborhood 2|Wilson House
0621765|East Neighborhood 1|Bassett
0614751|East Neighborhood 4|Randolph
0616218|East Neighborhood 4|Randolph
0618557|East Neighborhood 3|Gilbert-Addoms
0618629|East Neighborhood 1|Bassett
0619448|East Neighborhood 2|Giles
0621678|East Neighborhood 3|Gilbert-Addoms
0596877|East Neighborhood 1|Pegram
0606996|East Neighborhood 4|Randolph
0609416|East Neighborhood 4|Blackwell
0609886|East Neighborhood 4|Blackwell
0611540|East Neighborhood 1|Pegram
0615352|East Neighborhood 3|Southgate
0606527|East Neighborhood 1|Brown
0606534|East Neighborhood 4|Blackwell
0606542|East Neighborhood 1|Bassett
0606549|East Neighborhood 4|Randolph
0606553|East Neighborhood 4|Randolph
0606569|East Neighborhood 3|Southgate
0606572|East Neighborhood 3|Gilbert-Addoms
0606574|East Neighborhood 3|Southgate
0606577|East Neighborhood 2|Jarvis
0606584|East Neighborhood 4|Randolph
0606585|East Neighborhood 2|Jarvis
0606597|East Neighborhood 2|Wilson House
0606601|East Neighborhood 1|Bassett
0606615|East Neighborhood 4|Bell Tower
0606617|East Neighborhood 3|Gilbert-Addoms
0606620|East Neighborhood 3|Gilbert-Addoms
0606635|East Neighborhood 2|Jarvis
0619264|East Neighborhood 2|Jarvis
0606850|East Neighborhood 4|Randolph
0606479|East Neighborhood 1|Bassett
0606875|East Neighborhood 1|Pegram
0606925|East Neighborhood 2|Giles
0606332|East Neighborhood 1|Alspaugh
0605622|East Neighborhood 2|Giles
0607325|East Neighborhood 3|Southgate
0619443|East Neighborhood 4|Blackwell
0609959|East Neighborhood 4|Bell Tower
0610095|East Neighborhood 1|Pegram
0610468|East Neighborhood 2|Epworth
0611123|East Neighborhood 3|Gilbert-Addoms
0611356|East Neighborhood 1|Bassett
0611730|East Neighborhood 1|Alspaugh
0615211|East Neighborhood 2|Epworth
0615284|East Neighborhood 2|Epworth
0615285|East Neighborhood 2|Giles
0615457|East Neighborhood 2|Epworth
0615991|East Neighborhood 4|Randolph
0616219|East Neighborhood 1|Bassett
0617191|East Neighborhood 2|Wilson House
0617202|East Neighborhood 3|Gilbert-Addoms
0624805|Edens Quad|House 3B
0628094|East Neighborhood 2|Aycock
0628101|East Neighborhood 1|Brown
0620822|East Neighborhood 2|Epworth
0624999|Few Quad|House FF
0625480|East Neighborhood 2|Wilson House
0629925|East Neighborhood 3|Gilbert-Addoms
0630417|East Neighborhood 1|Brown
0606258|East Neighborhood 4|Bell Tower
0606964|East Neighborhood 2|Aycock
0610649|East Neighborhood 4|Blackwell
0607314|East Neighborhood 3|Southgate
0608973|East Neighborhood 2|Jarvis
0606045|East Neighborhood 4|Blackwell
0619243|East Neighborhood 1|Alspaugh
0606704|East Neighborhood 4|Randolph
0616686|East Neighborhood 2|Wilson House
0606921|East Neighborhood 4|Blackwell
0605994|East Neighborhood 4|Randolph
0615233|East Neighborhood 1|Bassett
0618046|East Neighborhood 1|Bassett
0618337|East Neighborhood 2|Aycock
0620859|East Neighborhood 3|Gilbert-Addoms
0624390|East Neighborhood 4|Blackwell
0599709|East Neighborhood 2|Giles
0609260|East Neighborhood 3|Gilbert-Addoms
0609502|East Neighborhood 1|Alspaugh
0609524|East Neighborhood 1|Alspaugh
0609731|East Neighborhood 1|Bassett
0611053|East Neighborhood 3|Gilbert-Addoms
0611139|East Neighborhood 1|Bassett
0611744|East Neighborhood 3|Gilbert-Addoms
0611988|East Neighborhood 2|Giles
0609318|East Neighborhood 4|Randolph
0619741|East Neighborhood 2|Giles
0615039|East Neighborhood 3|Southgate
0607310|East Neighborhood 4|Randolph
0541047|East Neighborhood 4|Blackwell
0611243|East Neighborhood 4|Randolph
0616440|East Neighborhood 1|Brown
0606634|East Neighborhood 2|Aycock
0620554|East Neighborhood 1|Pegram
0609859|East Neighborhood 3|Gilbert-Addoms
0606968|East Neighborhood 1|Alspaugh
0617094|East Neighborhood 1|Alspaugh
0606613|East Neighborhood 4|Bell Tower
0611771|East Neighborhood 1|Pegram
0614595|East Neighborhood 3|Gilbert-Addoms
0614859|East Neighborhood 4|Randolph
0614908|East Neighborhood 2|Aycock
0615193|East Neighborhood 3|Gilbert-Addoms
0615329|East Neighborhood 3|Gilbert-Addoms
0615460|East Neighborhood 4|Blackwell
0615550|East Neighborhood 2|Giles
0615829|East Neighborhood 3|Gilbert-Addoms
0616255|East Neighborhood 2|Wilson House
0616263|East Neighborhood 2|Aycock
0616416|East Neighborhood 2|Giles
0616633|East Neighborhood 2|Giles
0616664|East Neighborhood 1|Alspaugh
0616941|East Neighborhood 1|Alspaugh
0617316|East Neighborhood 4|Bell Tower
0617501|East Neighborhood 3|Gilbert-Addoms
0617514|East Neighborhood 1|Bassett
0617642|East Neighborhood 2|Giles
0617755|East Neighborhood 2|Giles
0606545|East Neighborhood 3|Gilbert-Addoms
0610129|East Neighborhood 3|Gilbert-Addoms
0609407|East Neighborhood 2|Giles
0614831|East Neighborhood 2|Giles
0619707|East Neighborhood 2|Wilson House
0620791|East Neighborhood 1|Brown
0616612|East Neighborhood 1|Pegram
0617829|East Neighborhood 2|Wilson House
0617479|East Neighborhood 1|Alspaugh
0620848|East Neighborhood 2|Wilson House
0625003|East Neighborhood 4|Blackwell
0619180|East Neighborhood 2|Giles
0620814|East Neighborhood 3|Southgate
0609906|East Neighborhood 3|Southgate
0611723|East Neighborhood 1|Brown
0611993|East Neighborhood 1|Brown
0612102|East Neighborhood 1|Alspaugh
0612301|East Neighborhood 3|Gilbert-Addoms
0612365|East Neighborhood 3|Gilbert-Addoms
0614749|East Neighborhood 1|Brown
0614766|East Neighborhood 2|Jarvis
0614803|East Neighborhood 2|Giles
0615330|East Neighborhood 2|Giles
0615822|East Neighborhood 3|Gilbert-Addoms
0616042|East Neighborhood 2|Giles
0616058|East Neighborhood 2|Jarvis
0616108|East Neighborhood 1|Alspaugh
0618682|East Neighborhood 1|Alspaugh
0606344|East Neighborhood 2|Giles
0614775|East Neighborhood 1|Pegram
0606580|East Neighborhood 1|Alspaugh
0614545|East Neighborhood 2|Epworth
0611257|East Neighborhood 2|Giles
0615620|East Neighborhood 1|Bassett
0618474|East Neighborhood 1|Bassett
0616197|East Neighborhood 3|Gilbert-Addoms
0616409|East Neighborhood 3|Southgate
0616863|East Neighborhood 3|Southgate
0617018|East Neighborhood 1|Brown
0617076|East Neighborhood 3|Gilbert-Addoms
0617280|East Neighborhood 2|Jarvis
0617421|East Neighborhood 4|Bell Tower
0617908|East Neighborhood 2|Wilson House
0618027|East Neighborhood 4|Bell Tower
0618087|East Neighborhood 1|Alspaugh
0618158|East Neighborhood 1|Brown
0618478|East Neighborhood 1|Bassett
0618605|East Neighborhood 3|Southgate
0619651|East Neighborhood 2|Jarvis
0619668|East Neighborhood 2|Aycock
0620632|East Neighborhood 2|Wilson House
0620666|East Neighborhood 4|Bell Tower
0624519|East Neighborhood 4|Blackwell
0579213|East Neighborhood 1|Bassett
0624566|East Neighborhood 4|Randolph
0609153|East Neighborhood 4|Blackwell
0609160|East Neighborhood 1|Alspaugh
0609516|East Neighborhood 2|Jarvis
0609818|East Neighborhood 4|Blackwell
0610472|East Neighborhood 4|Blackwell
0611285|East Neighborhood 1|Alspaugh
0611738|East Neighborhood 1|Brown
0612356|East Neighborhood 4|Blackwell
0612465|East Neighborhood 4|Blackwell
0612468|East Neighborhood 4|Randolph
0612620|East Neighborhood 3|Gilbert-Addoms
0613498|East Neighborhood 3|Gilbert-Addoms
0579106|East Neighborhood 1|Bassett
0605219|East Neighborhood 2|Giles
0606326|East Neighborhood 3|Gilbert-Addoms
0618892|East Neighborhood 1|Brown
0606982|East Neighborhood 4|Bell Tower
0609105|East Neighborhood 3|Gilbert-Addoms
0606598|East Neighborhood 2|Aycock
0607887|East Neighborhood 3|Southgate
0618473|East Neighborhood 4|Blackwell
0610625|East Neighborhood 1|Alspaugh
0614786|East Neighborhood 2|Wilson House
0606963|East Neighborhood 4|Bell Tower
0606495|East Neighborhood 2|Wilson House
0605965|East Neighborhood 4|Randolph
0606279|East Neighborhood 4|Bell Tower
0606292|East Neighborhood 3|Southgate
0608020|East Neighborhood 4|Bell Tower
0614502|East Neighborhood 1|Alspaugh
0606467|East Neighborhood 4|Bell Tower
0614315|East Neighborhood 3|Gilbert-Addoms
0614445|East Neighborhood 1|Bassett
0614570|East Neighborhood 3|Gilbert-Addoms
0614780|East Neighborhood 2|Jarvis
0614785|East Neighborhood 2|Wilson House
0614924|East Neighborhood 1|Pegram
0614964|East Neighborhood 4|Blackwell
0615007|East Neighborhood 2|Jarvis
0615018|East Neighborhood 3|Gilbert-Addoms
0615749|East Neighborhood 1|Pegram
0615765|East Neighborhood 2|Aycock
0615770|East Neighborhood 3|Gilbert-Addoms
0615807|East Neighborhood 4|Randolph
0578966|East Neighborhood 1|Bassett
0606286|East Neighborhood 4|Randolph
0606274|East Neighborhood 4|Blackwell
0606481|East Neighborhood 4|Blackwell
0611271|East Neighborhood 4|Bell Tower
0606359|East Neighborhood 1|Bassett
0606455|East Neighborhood 4|Blackwell
0608016|East Neighborhood 3|Southgate
0611648|East Neighborhood 1|Alspaugh
0606471|East Neighborhood 4|Randolph
0606561|East Neighborhood 4|Blackwell
0606337|East Neighborhood 4|Blackwell
0609422|East Neighborhood 3|Gilbert-Addoms
0606575|East Neighborhood 3|Gilbert-Addoms
0606046|East Neighborhood 4|Randolph
0607055|East Neighborhood 3|Southgate
0616707|East Neighborhood 1|Alspaugh
0616761|East Neighborhood 1|Pegram
0616793|East Neighborhood 1|Pegram
0616925|East Neighborhood 3|Gilbert-Addoms
0617004|East Neighborhood 1|Pegram
0617261|East Neighborhood 1|Pegram
0617462|East Neighborhood 4|Blackwell
0617621|East Neighborhood 4|Blackwell
0617760|East Neighborhood 3|Gilbert-Addoms
0617991|East Neighborhood 4|Bell Tower
0618012|East Neighborhood 3|Gilbert-Addoms
0618181|East Neighborhood 2|Wilson House
0618458|East Neighborhood 1|Bassett
0590627|East Neighborhood 1|Bassett
0606457|East Neighborhood 4|Bell Tower
0609878|East Neighborhood 3|Gilbert-Addoms
0606560|East Neighborhood 3|Gilbert-Addoms
0606690|East Neighborhood 1|Pegram
0617732|East Neighborhood 3|Gilbert-Addoms
0607259|East Neighborhood 4|Blackwell
0567632|East Neighborhood 2|Jarvis
0606308|East Neighborhood 2|Jarvis
0617237|East Neighborhood 2|Epworth
0606284|East Neighborhood 4|Randolph
0606459|East Neighborhood 1|Alspaugh
0606724|East Neighborhood 4|Blackwell
0606588|East Neighborhood 4|Randolph
0616980|East Neighborhood 4|Randolph
0606923|East Neighborhood 2|Aycock
0590717|East Neighborhood 1|Bassett
0616732|East Neighborhood 1|Bassett
0606960|East Neighborhood 1|Bassett
0607301|East Neighborhood 4|Randolph
0609963|East Neighborhood 4|Bell Tower
0605993|East Neighborhood 4|Bell Tower
0609499|East Neighborhood 4|Blackwell
0605717|East Neighborhood 2|Jarvis
0614456|East Neighborhood 1|Bassett
0606705|East Neighborhood 3|Gilbert-Addoms
0618500|East Neighborhood 3|Gilbert-Addoms
0618533|East Neighborhood 1|Pegram
0618621|East Neighborhood 2|Giles
0619126|East Neighborhood 3|Southgate
0619732|East Neighborhood 2|Giles
0619887|East Neighborhood 4|Blackwell
0621527|East Neighborhood 3|Gilbert-Addoms
0624564|East Neighborhood 4|Blackwell
0624565|East Neighborhood 4|Blackwell
0605221|East Neighborhood 2|Giles
0609130|East Neighborhood 4|Randolph
0609239|East Neighborhood 1|Alspaugh
0609401|East Neighborhood 3|Gilbert-Addoms
0609880|East Neighborhood 1|Alspaugh
0610024|East Neighborhood 1|Pegram
0617985|East Neighborhood 4|Bell Tower
0613359|East Neighborhood 1|Pegram
0615481|East Neighborhood 4|Bell Tower
0616174|East Neighborhood 4|Randolph
0618513|East Neighborhood 1|Bassett
0611905|East Neighborhood 1|Brown
0606930|East Neighborhood 3|Southgate
0606318|East Neighborhood 1|Pegram
0605995|East Neighborhood 1|Alspaugh
0606525|East Neighborhood 4|Bell Tower
0619851|East Neighborhood 1|Alspaugh
0606324|East Neighborhood 3|Gilbert-Addoms
0606557|East Neighborhood 1|Alspaugh
0612333|East Neighborhood 1|Bassett
0606731|East Neighborhood 3|Gilbert-Addoms
0605370|East Neighborhood 4|Blackwell
0618393|East Neighborhood 1|Brown
0606990|East Neighborhood 1|Brown
0615642|East Neighborhood 1|Alspaugh
0606948|East Neighborhood 2|Giles
0618353|East Neighborhood 4|Blackwell
0607529|East Neighborhood 4|Bell Tower
0606761|East Neighborhood 4|Blackwell
0606818|East Neighborhood 1|Alspaugh
0615664|East Neighborhood 4|Blackwell
0610107|East Neighborhood 4|Randolph
0610368|East Neighborhood 3|Southgate
0612339|East Neighborhood 4|Randolph
0612462|East Neighborhood 1|Pegram
0613317|East Neighborhood 3|Southgate
0614418|East Neighborhood 4|Randolph
0614513|East Neighborhood 2|Wilson House
0614558|East Neighborhood 3|Southgate
0614909|East Neighborhood 4|Blackwell
0614921|East Neighborhood 4|Bell Tower
0614963|East Neighborhood 2|Aycock
0628378|Craven Quad|House S
0615396|East Neighborhood 3|Gilbert-Addoms
0619621|East Neighborhood 1|Pegram
0615801|East Neighborhood 3|Southgate
0619800|East Neighborhood 3|Gilbert-Addoms
0609749|East Neighborhood 1|Bassett
0613318|East Neighborhood 3|Gilbert-Addoms
0612580|East Neighborhood 4|Randolph
0616448|East Neighborhood 1|Alspaugh
0617538|East Neighborhood 3|Southgate
0612618|East Neighborhood 2|Jarvis
0616225|East Neighborhood 1|Alspaugh
0617279|East Neighborhood 4|Bell Tower
0615676|East Neighborhood 1|Pegram
0615740|East Neighborhood 3|Gilbert-Addoms
0616036|East Neighborhood 2|Wilson House
0616082|East Neighborhood 2|Wilson House
0616155|East Neighborhood 1|Alspaugh
0616257|East Neighborhood 1|Alspaugh
0616419|East Neighborhood 2|Wilson House
0616434|East Neighborhood 1|Bassett
0616741|East Neighborhood 3|Southgate
0616813|East Neighborhood 2|Wilson House
0616857|East Neighborhood 3|Southgate
0616985|East Neighborhood 1|Pegram
0617158|East Neighborhood 3|Southgate
0617298|East Neighborhood 1|Pegram
0617308|East Neighborhood 2|Jarvis
0617573|East Neighborhood 2|Aycock
0582522|Craven Quad|House C
0606368|East Neighborhood 3|Southgate
0615023|East Neighborhood 2|Wilson House
0448442|East Neighborhood 4|Bell Tower
0617584|East Neighborhood 4|Randolph
0617835|East Neighborhood 4|Bell Tower
0618013|East Neighborhood 2|Wilson House
0618182|East Neighborhood 2|Wilson House
0619214|East Neighborhood 2|Wilson House
0619300|East Neighborhood 2|Wilson House
0621230|East Neighborhood 3|Gilbert-Addoms
0624568|East Neighborhood 4|Randolph
0614994|East Neighborhood 2|Epworth
0615070|East Neighborhood 4|Blackwell
0615363|East Neighborhood 3|Southgate
0615413|East Neighborhood 1|Alspaugh
0615425|East Neighborhood 1|Brown
0616473|East Neighborhood 1|Brown
0616489|East Neighborhood 2|Wilson House
0612125|East Neighborhood 1|Alspaugh
0606778|East Neighborhood 4|Randolph
0606342|East Neighborhood 4|Blackwell
0617947|East Neighborhood 3|Southgate
0606485|East Neighborhood 4|Blackwell
0604853|East Neighborhood 2|Giles
0607662|East Neighborhood 1|Alspaugh
0606251|East Neighborhood 1|Bassett
0606001|East Neighborhood 4|Blackwell
0606351|East Neighborhood 4|Bell Tower
0606720|East Neighborhood 4|Randolph
0616367|East Neighborhood 1|Alspaugh
0616393|East Neighborhood 4|Bell Tower
0616410|East Neighborhood 4|Blackwell
0616901|East Neighborhood 3|Southgate
0616953|East Neighborhood 2|Jarvis
0616967|East Neighborhood 4|Blackwell
0616971|East Neighborhood 2|Aycock
0617016|East Neighborhood 1|Brown
0617707|East Neighborhood 4|Blackwell
0618015|East Neighborhood 2|Epworth
0618453|East Neighborhood 3|Southgate
0618545|East Neighborhood 4|Blackwell
0619656|East Neighborhood 1|Brown
0606614|East Neighborhood 2|Epworth
0609131|East Neighborhood 1|Alspaugh
0609508|East Neighborhood 2|Epworth
0616619|East Neighborhood 1|Pegram
0616964|East Neighborhood 4|Blackwell
0617059|East Neighborhood 2|Aycock
0617498|East Neighborhood 4|Bell Tower
0619801|East Neighborhood 4|Blackwell
0620639|East Neighborhood 2|Wilson House
0620971|East Neighborhood 4|Bell Tower
0616222|East Neighborhood 2|Wilson House
0615512|East Neighborhood 1|Bassett
0617098|East Neighborhood 4|Blackwell
0619593|East Neighborhood 1|Pegram
0606712|East Neighborhood 4|Randolph
0606336|East Neighborhood 3|Gilbert-Addoms
0616822|East Neighborhood 4|Randolph
0615579|East Neighborhood 3|Gilbert-Addoms
0611241|East Neighborhood 4|Randolph
0615694|East Neighborhood 4|Bell Tower
0606751|East Neighborhood 3|Gilbert-Addoms
0613794|East Neighborhood 2|Wilson House
0616752|East Neighborhood 1|Pegram
0614434|East Neighborhood 3|Southgate
0610116|East Neighborhood 1|Bassett
0611135|East Neighborhood 3|Southgate
0611169|East Neighborhood 1|Alspaugh
0611282|East Neighborhood 3|Gilbert-Addoms
0611567|East Neighborhood 2|Jarvis
0614504|East Neighborhood 3|Gilbert-Addoms
0614832|East Neighborhood 4|Blackwell
0614940|East Neighborhood 4|Blackwell
0614968|East Neighborhood 1|Bassett
0614973|East Neighborhood 3|Gilbert-Addoms
0615266|East Neighborhood 3|Gilbert-Addoms
0615299|East Neighborhood 1|Brown
0615421|East Neighborhood 4|Blackwell
0615587|East Neighborhood 2|Epworth
0615672|East Neighborhood 2|Wilson House
0615698|East Neighborhood 2|Epworth
0615997|East Neighborhood 1|Brown
0616008|East Neighborhood 1|Alspaugh
0624567|East Neighborhood 4|Randolph
0616361|East Neighborhood 3|Southgate
0616946|East Neighborhood 4|Randolph
0618422|East Neighborhood 4|Randolph
0618466|East Neighborhood 1|Alspaugh
0625002|East Neighborhood 4|Randolph
0618837|East Neighborhood 2|Epworth
0618840|East Neighborhood 1|Pegram
0624806|Crowell Quad|House CC
0625102|East Neighborhood 4|Blackwell
0617194|East Neighborhood 1|Pegram
0618460|East Neighborhood 2|Epworth
0617741|East Neighborhood 2|Giles
0601011|East Neighborhood 3|Gilbert-Addoms
0617569|East Neighborhood 1|Bassett
0616428|East Neighborhood 1|Brown
0616503|East Neighborhood 2|Aycock
0616987|East Neighborhood 2|Giles
0616988|East Neighborhood 1|Brown
0617025|East Neighborhood 1|Brown
0617412|East Neighborhood 4|Randolph
0617994|East Neighborhood 3|Gilbert-Addoms
0618412|East Neighborhood 4|Bell Tower
0618601|East Neighborhood 1|Brown
0619220|East Neighborhood 2|Epworth
0619730|East Neighborhood 3|Gilbert-Addoms
0620931|East Neighborhood 1|Bassett
0567639|East Neighborhood 1|Brown
0610194|East Neighborhood 2|Epworth
0611585|East Neighborhood 4|Blackwell
0612097|East Neighborhood 2|Epworth
0618602|East Neighborhood 2|Giles
0619601|East Neighborhood 2|Epworth
0615450|East Neighborhood 2|Giles
0617897|East Neighborhood 2|Giles
0618575|East Neighborhood 1|Alspaugh
0625240|Wannamaker Quad|Wannamaker
0617002|East Neighborhood 4|Randolph
0619077|East Neighborhood 1|Bassett
0616076|East Neighborhood 3|Gilbert-Addoms
0617052|East Neighborhood 1|Brown
0617241|East Neighborhood 2|Jarvis
0619183|East Neighborhood 2|Jarvis
0407038|East Neighborhood 2|Epworth
0611908|East Neighborhood 3|Gilbert-Addoms
0614787|East Neighborhood 2|Giles
0616004|East Neighborhood 4|Bell Tower
0618372|East Neighborhood 3|Gilbert-Addoms
0618615|East Neighborhood 3|Gilbert-Addoms
0615296|East Neighborhood 2|Epworth
0616034|East Neighborhood 2|Giles
0616974|East Neighborhood 2|Epworth
0617049|East Neighborhood 1|Brown
0617072|East Neighborhood 2|Aycock
0618187|East Neighborhood 3|Gilbert-Addoms
0618459|East Neighborhood 1|Brown
0618676|East Neighborhood 1|Alspaugh
0619639|East Neighborhood 1|Brown
0609408|East Neighborhood 1|Brown
0624704|Kilgo Quad|House L
0625000|East Neighborhood 4|Randolph
0590923|Crowell Quad|House BB
0617283|East Neighborhood 4|Blackwell
0625001|East Neighborhood 4|Randolph
0624888|East Neighborhood 2|Jarvis
0617620|East Neighborhood 4|Blackwell
0625641|East Neighborhood 4|Blackwell
0615811|East Neighborhood 2|Wilson House
0614801|East Neighborhood 3|Gilbert-Addoms
0604362|East Neighborhood 4|Randolph
0618144|East Neighborhood 1|Pegram
0618667|East Neighborhood 4|Blackwell
0606472|East Neighborhood 4|Blackwell
0614809|East Neighborhood 3|Southgate
0409793|East Neighborhood 4|Bell Tower
0615029|East Neighborhood 1|Alspaugh
0618534|East Neighborhood 2|Wilson House
0616131|East Neighborhood 4|Bell Tower
0614858|East Neighborhood 3|Gilbert-Addoms
0609727|East Neighborhood 1|Brown
0609949|East Neighborhood 3|Southgate
0618390|East Neighborhood 4|Blackwell
0620634|East Neighborhood 1|Brown
0605684|East Neighborhood 4|Randolph
0616037|East Neighborhood 4|Randolph
0606591|East Neighborhood 4|Blackwell
0606049|East Neighborhood 1|Brown
0607894|East Neighborhood 2|Wilson House
0606290|East Neighborhood 3|Southgate
0615031|East Neighborhood 2|Epworth
0606354|East Neighborhood 1|Pegram
0605667|East Neighborhood 3|Gilbert-Addoms
0614982|East Neighborhood 1|Brown
0606475|East Neighborhood 3|Southgate
0606876|East Neighborhood 4|Bell Tower
0613328|East Neighborhood 2|Jarvis
0606587|East Neighborhood 4|Randolph
0605619|East Neighborhood 4|Bell Tower
0606742|East Neighborhood 3|Southgate
0606335|East Neighborhood 2|Wilson House
0619825|East Neighborhood 1|Alspaugh
0606646|East Neighborhood 2|Aycock
0615777|East Neighborhood 2|Aycock
0606955|East Neighborhood 2|Aycock
0609052|East Neighborhood 4|Blackwell
0617912|East Neighborhood 4|Blackwell
0611384|East Neighborhood 4|Bell Tower
0606812|East Neighborhood 1|Bassett
0618652|East Neighborhood 4|Randolph
0606866|East Neighborhood 1|Brown
0616636|East Neighborhood 1|Brown
0606161|East Neighborhood 1|Pegram
0606355|East Neighborhood 3|Gilbert-Addoms
0615302|East Neighborhood 1|Bassett
0606349|East Neighborhood 3|Southgate
0617067|East Neighborhood 2|Giles
0606596|East Neighborhood 1|Brown
0615322|East Neighborhood 2|Epworth
0616210|East Neighborhood 3|Gilbert-Addoms
0621911|East Neighborhood 1|Alspaugh
0617496|East Neighborhood 3|Gilbert-Addoms
0629001|East Neighborhood 4|Randolph
0611754|East Neighborhood 4|Randolph
0617211|East Neighborhood 4|Randolph
0620947|East Neighborhood 4|Randolph
0617510|East Neighborhood 1|Pegram
0606940|East Neighborhood 1|Pegram
0614942|East Neighborhood 1|Pegram
0620934|East Neighborhood 2|Aycock
0556335|East Neighborhood 3|Gilbert-Addoms
0578052|East Neighborhood 1|Alspaugh
0611667|East Neighborhood 1|Alspaugh
0617011|East Neighborhood 1|Brown
0619187|East Neighborhood 4|Blackwell
0616989|East Neighborhood 2|Aycock
0624391|East Neighborhood 4|Blackwell
0448424|East Neighborhood 1|Alspaugh
0618000|East Neighborhood 3|Southgate
0624736|Craven Quad|House C
0606966|East Neighborhood 4|Bell Tower
0617164|East Neighborhood 2|Aycock
0606729|East Neighborhood 4|Blackwell
0606281|East Neighborhood 2|Aycock
0617006|East Neighborhood 4|Bell Tower
0606722|East Neighborhood 4|Randolph
0615427|East Neighborhood 1|Alspaugh
0606171|East Neighborhood 2|Aycock
0606105|East Neighborhood 4|Blackwell
0606323|East Neighborhood 3|Gilbert-Addoms
0607901|East Neighborhood 4|Randolph
0615585|East Neighborhood 3|Gilbert-Addoms
0606435|East Neighborhood 1|Bassett
0607175|East Neighborhood 4|Randolph
0617975|East Neighborhood 2|Jarvis
0606529|East Neighborhood 4|Bell Tower
0606493|East Neighborhood 1|Pegram
0614927|East Neighborhood 2|Aycock
0606618|East Neighborhood 4|Randolph
0607053|East Neighborhood 4|Randolph
0609643|East Neighborhood 2|Aycock
0606865|East Neighborhood 4|Randolph
0619278|East Neighborhood 1|Pegram
0606267|East Neighborhood 1|Pegram
0617748|East Neighborhood 1|Brown
0617256|East Neighborhood 2|Giles
0606984|East Neighborhood 1|Bassett
0608974|East Neighborhood 2|Jarvis
0615555|East Neighborhood 4|Bell Tower
0615557|East Neighborhood 1|Bassett
0621128|East Neighborhood 2|Wilson House
0606975|East Neighborhood 3|Gilbert-Addoms
0618347|East Neighborhood 3|Gilbert-Addoms
0606723|East Neighborhood 1|Alspaugh
0605628|East Neighborhood 3|Southgate
0609402|East Neighborhood 3|Southgate
0606624|East Neighborhood 4|Blackwell
0616522|East Neighborhood 2|Aycock
0628092|Keohane Quad|House 4B
0611997|East Neighborhood 2|Giles
0617062|East Neighborhood 3|Gilbert-Addoms
0617012|East Neighborhood 2|Aycock
